Unique_ID,Similarity_score
0,0.5775386
1,0.69285035
2,0.7942997
3,0.78551126
4,0.7513187
5,0.7865152
6,0.69391054
7,0.79078096
8,0.63314307
9,0.7835102
10,0.7556984
11,0.743696
12,0.73065907
13,0.60891724
14,0.66205096
15,0.7602906
16,0.6997038
17,0.61005366
18,0.6716238
19,0.799036
20,0.6728565
21,0.7725049
22,0.73725164
23,0.6193665
24,0.8183525
25,0.80792856
26,0.68611175
27,0.7112036
28,0.8176511
29,0.7880033
30,0.68474746
31,0.6339669
32,0.8004281
33,0.7926483
34,0.7053841
35,0.75184613
36,0.84904265
37,0.8023956
38,0.73945034
39,0.70381045
40,0.62871385
41,0.71359134
42,0.6647615
43,0.7816356
44,0.72550434
45,0.74064755
46,0.74027073
47,0.71101034
48,0.7732309
49,0.8054662
50,0.6639765
51,0.60505724
52,0.6549493
53,0.7156833
54,0.77513784
55,0.82035995
56,0.8517843
57,0.67029285
58,0.65834266
59,0.78170276
60,0.8049798
61,0.8331138
62,0.71459913
63,0.64872444
64,0.8272131
65,0.52104294
66,0.73907745
67,0.63445604
68,0.83498526
69,0.711511
70,0.77035135
71,0.7159138
72,0.645095
73,0.78454804
74,0.65323573
75,0.60088015
76,0.6000253
77,0.69998586
78,0.8319588
79,0.8531277
80,0.676587
81,0.8162775
82,0.71409595
83,0.72121924
84,0.6619897
85,0.63814193
86,0.70386374
87,0.6140437
88,0.77491087
89,0.74163115
90,0.7485423
91,0.68276525
92,0.78937984
93,0.7579381
94,0.7304956
95,0.7168895
96,0.7902066
97,0.691044
98,0.7583904
99,0.7600502
100,0.63420284
101,0.61692166
102,0.66793334
103,0.78055346
104,0.82540214
105,0.72176933
106,0.6805459
107,0.71672136
108,0.60949063
109,0.61973107
110,0.7658076
111,0.6544827
112,0.78296393
113,0.7963575
114,0.7140778
115,0.8775193
116,0.7529616
117,0.609689
118,0.6180731
119,0.80960995
120,0.7999227
121,0.81235176
122,0.81637526
123,0.77104783
124,0.73567665
125,0.79776585
126,0.7715165
127,0.79099554
128,0.6655701
129,0.50505555
130,0.77783763
131,0.70878696
132,0.728375
133,0.6311537
134,0.7032523
135,0.825276
136,0.73059165
137,0.5767158
138,0.7166627
139,0.7382168
140,0.5946248
141,0.6779839
142,0.6677588
143,0.74425656
144,0.7483097
145,0.68977726
146,0.84150976
147,0.8820596
148,0.6546053
149,0.7063681
150,0.77305853
151,0.63998497
152,0.7157606
153,0.77540827
154,0.80161077
155,0.7506009
156,0.7642795
157,0.77547884
158,0.6916675
159,0.9190227
160,0.6742379
161,0.83947265
162,0.7837258
163,0.74913347
164,0.7764079
165,0.7174226
166,0.7354497
167,0.6705283
168,0.67924166
169,0.80651265
170,0.7110038
171,0.65334344
172,0.66421884
173,0.7541272
174,0.70026726
175,0.7245744
176,0.77268755
177,0.80574375
178,0.68178403
179,0.6989861
180,0.5209781
181,0.7992116
182,0.7410246
183,0.74517596
184,0.7390815
185,0.7472519
186,0.69167054
187,0.6492349
188,0.80960786
189,0.7847996
190,0.8157031
191,0.73058116
192,0.6344801
193,0.80733716
194,0.7857059
195,0.553195
196,0.85001117
197,0.66436064
198,0.64273703
199,0.78132725
200,0.7340144
201,0.7237141
202,0.67880523
203,0.6874211
204,0.6946575
205,0.7854368
206,0.78188777
207,0.7904279
208,0.68505776
209,0.7446046
210,0.7308321
211,0.74135387
212,0.63449806
213,0.6095873
214,0.6944168
215,0.69635737
216,0.626912
217,0.6110216
218,0.80007696
219,0.7171012
220,0.81088805
221,0.75813913
222,0.7328985
223,0.76946485
224,0.7669561
225,0.8094027
226,0.6748638
227,0.8331191
228,0.6903255
229,0.63991344
230,0.72603333
231,0.6779847
232,0.5903237
233,0.72558445
234,0.8235423
235,0.7332945
236,0.7487556
237,0.6605295
238,0.61607766
239,0.7981572
240,0.6377373
241,0.7366665
242,0.6823497
243,0.59345555
244,0.6517348
245,0.72447574
246,0.7638706
247,0.6445492
248,0.59828067
249,0.6930537
250,0.7213551
251,0.7471475
252,0.669836
253,0.71313095
254,0.67804843
255,0.6559218
256,0.61068535
257,0.6353555
258,0.5753514
259,0.76922184
260,0.56935436
261,0.61972106
262,0.7955942
263,0.7661349
264,0.75705177
265,0.7789917
266,0.79972875
267,0.6926353
268,0.86173826
269,0.7325976
270,0.7975583
271,0.762334
272,0.73473084
273,0.62006307
274,0.92367864
275,0.78616124
276,0.6190485
277,0.7122866
278,0.6677904
279,0.77545154
280,0.82693756
281,0.66328704
282,0.5356798
283,0.67835855
284,0.9050925
285,0.77687633
286,0.6301097
287,0.7883012
288,0.6567583
289,0.6375898
290,0.6705662
291,0.83068496
292,0.7327864
293,0.688529
294,0.81037104
295,0.67398304
296,0.7802199
297,0.69044435
298,0.7391962
299,0.7309614
300,0.75130343
301,0.6470945
302,0.8011312
303,0.851156
304,0.6716356
305,0.60366035
306,0.66861117
307,0.7742615
308,0.72947204
309,0.6376834
310,0.7413776
311,0.7162376
312,0.68657595
313,0.662622
314,0.7548044
315,0.5530407
316,0.59230745
317,0.66325665
318,0.79027313
319,0.8041054
320,0.7112007
321,0.74253505
322,0.8330076
323,0.7153868
324,0.7023536
325,0.51927406
326,0.690624
327,0.82699335
328,0.75175893
329,0.89611053
330,0.74196374
331,0.65686053
332,0.5615617
333,0.87254685
334,0.8329006
335,0.7525948
336,0.6387831
337,0.76898634
338,0.7415836
339,0.6657292
340,0.64721584
341,0.58663636
342,0.7711146
343,0.6846466
344,0.7330818
345,0.5959112
346,0.64724886
347,0.56864274
348,0.7535051
349,0.58346045
350,0.69561136
351,0.8493049
352,0.7601503
353,0.7195098
354,0.7451551
355,0.65977484
356,0.7758484
357,0.714518
358,0.6246542
359,0.80095494
360,0.7630198
361,0.78952444
362,0.71388745
363,0.7642885
364,0.6834122
365,0.7121256
366,0.7728584
367,0.69105995
368,0.76403654
369,0.54961675
370,0.7266744
371,0.5889264
372,0.7875438
373,0.69051075
374,0.7122891
375,0.7357586
376,0.6748919
377,0.6978638
378,0.8190975
379,0.7317143
380,0.79133415
381,0.68691933
382,0.7435037
383,0.7135328
384,0.633236
385,0.77833056
386,0.7285187
387,0.7433569
388,0.71167815
389,0.6898341
390,0.6115817
391,0.83836865
392,0.8005334
393,0.7045437
394,0.7567545
395,0.74848646
396,0.7006713
397,0.717353
398,0.6859939
399,0.746365
400,0.85265994
401,0.7790297
402,0.6599537
403,0.6713967
404,0.70830667
405,0.76366806
406,0.5808134
407,0.85477626
408,0.7472507
409,0.83180773
410,0.71553993
411,0.62904245
412,0.81137717
413,0.7370267
414,0.6968567
415,0.75516737
416,0.7014316
417,0.69576955
418,0.84044206
419,0.6841781
420,0.6954634
421,0.77630746
422,0.71804345
423,0.8137529
424,0.74597204
425,0.6971109
426,0.8188988
427,0.7381926
428,0.761606
429,0.74933124
430,0.78982913
431,0.75288457
432,0.60129815
433,0.75554895
434,0.7635716
435,0.46432877
436,0.5138111
437,0.78098416
438,0.7442565
439,0.6573297
440,0.64338434
441,0.79292405
442,0.88599634
443,0.69618434
444,0.63258564
445,0.57331795
446,0.803344
447,0.65248233
448,0.7279912
449,0.84281677
450,0.7501481
451,0.84567004
452,0.7693436
453,0.839677
454,0.7546674
455,0.6591222
456,0.6854619
457,0.5080909
458,0.713765
459,0.66214424
460,0.7933265
461,0.7217621
462,0.8436154
463,0.77560574
464,0.54075444
465,0.66568094
466,0.79459155
467,0.6617422
468,0.6722892
469,0.7217077
470,0.7742699
471,0.6731499
472,0.72337186
473,0.7320498
474,0.7990109
475,0.74844974
476,0.7244526
477,0.76923484
478,0.59700453
479,0.6889201
480,0.5586592
481,0.73672587
482,0.632552
483,0.7057178
484,0.64003634
485,0.74737823
486,0.6050327
487,0.7063551
488,0.7894454
489,0.6476569
490,0.48651236
491,0.665584
492,0.6819721
493,0.7780562
494,0.65783536
495,0.84145796
496,0.7964691
497,0.6228891
498,0.6431198
499,0.7709416
500,0.7333205
501,0.78782725
502,0.6847117
503,0.78506464
504,0.75480354
505,0.65117586
506,0.59172875
507,0.6747308
508,0.6901114
509,0.8118088
510,0.70339465
511,0.67032665
512,0.8276932
513,0.63871485
514,0.76714057
515,0.7420851
516,0.54556715
517,0.70170456
518,0.793035
519,0.6013423
520,0.6649904
521,0.6924703
522,0.70519954
523,0.7403802
524,0.73145306
525,0.87081826
526,0.8592628
527,0.81715083
528,0.5324303
529,0.75325155
530,0.6948922
531,0.7908411
532,0.8281688
533,0.73237157
534,0.6993487
535,0.88592756
536,0.7947887
537,0.7129291
538,0.7090367
539,0.8782526
540,0.8150966
541,0.65749896
542,0.7637844
543,0.66532725
544,0.72327197
545,0.821579
546,0.65604717
547,0.71092695
548,0.71715283
549,0.83967304
550,0.66276324
551,0.7902421
552,0.8343128
553,0.7659857
554,0.67965144
555,0.8386359
556,0.8031499
557,0.72799003
558,0.7989737
559,0.54585624
560,0.61038506
561,0.6828382
562,0.7486961
563,0.7504829
564,0.61948955
565,0.60004115
566,0.6664696
567,0.7727916
568,0.6730008
569,0.73388183
570,0.7509254
571,0.76390517
572,0.7756893
573,0.6557542
574,0.6495833
575,0.66889834
576,0.82564425
577,0.5418891
578,0.67465997
579,0.7039319
580,0.6079828
581,0.7743364
582,0.70737845
583,0.7742391
584,0.6391864
585,0.68486
586,0.7643992
587,0.59014654
588,0.6650447
589,0.79076314
590,0.72232544
591,0.6891674
592,0.7386933
593,0.7982084
594,0.6870488
595,0.7470087
596,0.7406459
597,0.6828595
598,0.73507977
599,0.79287094
600,0.78542465
601,0.70460325
602,0.78304875
603,0.77037084
604,0.73842275
605,0.66921437
606,0.67784846
607,0.7941993
608,0.77028
609,0.705103
610,0.6962042
611,0.779309
612,0.73538107
613,0.7887498
614,0.78970313
615,0.7367451
616,0.6429913
617,0.656644
618,0.7387874
619,0.7819332
620,0.7928897
621,0.5967382
622,0.81365514
623,0.64560115
624,0.49063045
625,0.7550356
626,0.71921265
627,0.7342852
628,0.8034314
629,0.6043861
630,0.60283995
631,0.7966512
632,0.82018876
633,0.83514154
634,0.745119
635,0.55530524
636,0.73923165
637,0.5413532
638,0.7528041
639,0.6926489
640,0.74250984
641,0.7466905
642,0.79887474
643,0.7517561
644,0.6961022
645,0.7217119
646,0.67000693
647,0.72618866
648,0.6640824
649,0.752526
650,0.70128644
651,0.75506467
652,0.80861247
653,0.65579927
654,0.78085977
655,0.60352325
656,0.8135263
657,0.70621836
658,0.588634
659,0.77420807
660,0.67296714
661,0.70751965
662,0.69179547
663,0.7166829
664,0.745255
665,0.76353323
666,0.6514898
667,0.72612244
668,0.68749887
669,0.78602606
670,0.7961439
671,0.7459381
672,0.8490467
673,0.62767696
674,0.6502186
675,0.80433154
676,0.71177113
677,0.79814094
678,0.78352946
679,0.7160758
680,0.7171726
681,0.8146407
682,0.799168
683,0.6500516
684,0.7098417
685,0.8353728
686,0.7228333
687,0.82414716
688,0.77581877
689,0.6366652
690,0.6893437
691,0.6952451
692,0.7566383
693,0.74093056
694,0.8196008
695,0.8506325
696,0.8392571
697,0.82262313
698,0.8016027
699,0.63244796
700,0.5698719
701,0.7430779
702,0.71699464
703,0.8052669
704,0.60011667
705,0.7710699
706,0.716668
707,0.6679796
708,0.6531955
709,0.64377284
710,0.6035954
711,0.8330845
712,0.6358045
713,0.6925894
714,0.7668456
715,0.6097613
716,0.86775506
717,0.7576053
718,0.7412356
719,0.8360708
720,0.7723077
721,0.74189895
722,0.76874125
723,0.71257174
724,0.82783544
725,0.7886398
726,0.70459414
727,0.8537812
728,0.7920693
729,0.7708107
730,0.8165865
731,0.7444025
732,0.74160784
733,0.7464786
734,0.47994637
735,0.7936694
736,0.5012566
737,0.6573013
738,0.8317203
739,0.7481247
740,0.7258804
741,0.74550426
742,0.653033
743,0.6790911
744,0.759081
745,0.72740495
746,0.6510073
747,0.75644374
748,0.7956306
749,0.8149816
750,0.7753495
751,0.6764599
752,0.6941415
753,0.7519392
754,0.7336466
755,0.7297113
756,0.75385785
757,0.7432599
758,0.72834396
759,0.7634982
760,0.8210572
761,0.8070438
762,0.5634998
763,0.5621146
764,0.7278229
765,0.77713156
766,0.7006842
767,0.74886787
768,0.7689855
769,0.7794736
770,0.65896773
771,0.73557675
772,0.7338218
773,0.7589077
774,0.7208291
775,0.6616396
776,0.6962326
777,0.7098381
778,0.7764715
779,0.7679515
780,0.5817814
781,0.57681936
782,0.8120614
783,0.8376068
784,0.78830075
785,0.7064582
786,0.8556839
787,0.73531795
788,0.80505294
789,0.8675903
790,0.6449772
791,0.7010449
792,0.689471
793,0.8194257
794,0.77395
795,0.8602436
796,0.73718643
797,0.685714
798,0.7479781
799,0.8058267
800,0.61603886
801,0.81987333
802,0.6624988
803,0.74552524
804,0.75468695
805,0.77178496
806,0.8154214
807,0.76160866
808,0.7044195
809,0.6499424
810,0.7291099
811,0.63865525
812,0.5543201
813,0.70853114
814,0.5367842
815,0.8067074
816,0.6386002
817,0.8203889
818,0.7497014
819,0.74416935
820,0.7604375
821,0.68394667
822,0.82391715
823,0.6389859
824,0.72985584
825,0.658002
826,0.6778163
827,0.73406756
828,0.6978472
829,0.7114499
830,0.6928934
831,0.6922614
832,0.74804646
833,0.81933826
834,0.7481216
835,0.7983949
836,0.7719982
837,0.7345407
838,0.68204105
839,0.8046645
840,0.5656863
841,0.71052635
842,0.67319226
843,0.7856345
844,0.7550958
845,0.64877844
846,0.69562894
847,0.7047975
848,0.84842885
849,0.6624644
850,0.75075305
851,0.74404657
852,0.8592723
853,0.78929865
854,0.631767
855,0.5444762
856,0.75391984
857,0.6412909
858,0.72045505
859,0.72728044
860,0.6337307
861,0.7804524
862,0.7432512
863,0.8604406
864,0.7088633
865,0.6424655
866,0.6922419
867,0.6647932
868,0.7354275
869,0.7513022
870,0.72418535
871,0.54275036
872,0.7241032
873,0.73444796
874,0.8551453
875,0.77180445
876,0.8248446
877,0.7226195
878,0.6005671
879,0.71517664
880,0.82909256
881,0.66322964
882,0.7843698
883,0.69421774
884,0.71144825
885,0.7238127
886,0.69745725
887,0.63423395
888,0.76593906
889,0.7699133
890,0.7525585
891,0.7346977
892,0.63483137
893,0.7892778
894,0.79171455
895,0.7785027
896,0.7468436
897,0.691517
898,0.6608341
899,0.5620939
900,0.8377615
901,0.80431163
902,0.6086898
903,0.7741422
904,0.67629755
905,0.6884559
906,0.74197006
907,0.665996
908,0.7032253
909,0.72922075
910,0.7565602
911,0.7750596
912,0.6869443
913,0.5755948
914,0.80024254
915,0.8072597
916,0.7147315
917,0.79071873
918,0.6589222
919,0.81652474
920,0.8366945
921,0.63011575
922,0.7578676
923,0.8628369
924,0.5955654
925,0.6907518
926,0.6894187
927,0.8293113
928,0.72792906
929,0.7175159
930,0.7586012
931,0.70706064
932,0.83274436
933,0.82649124
934,0.7690294
935,0.78814757
936,0.6913694
937,0.744846
938,0.7625803
939,0.7005824
940,0.6656218
941,0.6917542
942,0.74736714
943,0.5626904
944,0.7459251
945,0.6575361
946,0.8075011
947,0.66988987
948,0.7898474
949,0.6994876
950,0.5405108
951,0.6764463
952,0.7823495
953,0.79335684
954,0.5928749
955,0.7517253
956,0.7118025
957,0.7637923
958,0.7334017
959,0.7076968
960,0.7439744
961,0.7623532
962,0.77632976
963,0.64199656
964,0.74498606
965,0.5716178
966,0.6477004
967,0.68741006
968,0.60188395
969,0.8076224
970,0.7176404
971,0.80880785
972,0.7297489
973,0.75341123
974,0.81838703
975,0.5637962
976,0.7136265
977,0.68911666
978,0.69916904
979,0.8018277
980,0.6470757
981,0.7982889
982,0.7274556
983,0.638417
984,0.5436751
985,0.7979677
986,0.7140299
987,0.6065098
988,0.7947601
989,0.7965833
990,0.6627858
991,0.8130753
992,0.86802304
993,0.8696178
994,0.6230471
995,0.71712077
996,0.72001755
997,0.87615883
998,0.54645455
999,0.82678545
1000,0.71716785
1001,0.6917529
1002,0.6937461
1003,0.80432606
1004,0.6844007
1005,0.8153807
1006,0.80405617
1007,0.5695101
1008,0.7751461
1009,0.8897629
1010,0.70177
1011,0.7690973
1012,0.682685
1013,0.77088135
1014,0.786499
1015,0.73414826
1016,0.6927786
1017,0.507504
1018,0.75357664
1019,0.78061306
1020,0.75723654
1021,0.84729165
1022,0.76594055
1023,0.6435206
1024,0.7620429
1025,0.7427032
1026,0.88449895
1027,0.74871945
1028,0.6763799
1029,0.6017361
1030,0.78928953
1031,0.7035722
1032,0.69420874
1033,0.65162665
1034,0.54357195
1035,0.7082146
1036,0.71948236
1037,0.8681246
1038,0.72620183
1039,0.7909925
1040,0.68970585
1041,0.7542292
1042,0.8294251
1043,0.6395869
1044,0.6102767
1045,0.72688735
1046,0.8096805
1047,0.706759
1048,0.65084195
1049,0.68569434
1050,0.5579012
1051,0.6332141
1052,0.7533019
1053,0.7748666
1054,0.58761287
1055,0.7998059
1056,0.74246484
1057,0.79309005
1058,0.5790239
1059,0.7726433
1060,0.6842822
1061,0.75340545
1062,0.744151
1063,0.7981143
1064,0.7830674
1065,0.79023194
1066,0.7122751
1067,0.7654149
1068,0.8487781
1069,0.8824594
1070,0.79743516
1071,0.7091228
1072,0.76225966
1073,0.7462815
1074,0.76621336
1075,0.73932564
1076,0.76874256
1077,0.6393038
1078,0.8155829
1079,0.8379507
1080,0.7184461
1081,0.77445436
1082,0.790699
1083,0.76003003
1084,0.83672214
1085,0.72901064
1086,0.6296378
1087,0.66142404
1088,0.67400956
1089,0.75911665
1090,0.7077048
1091,0.5933635
1092,0.6666161
1093,0.63351405
1094,0.69229686
1095,0.58674145
1096,0.712587
1097,0.71960837
1098,0.7039784
1099,0.74677753
1100,0.7978568
1101,0.7686508
1102,0.7318363
1103,0.7915411
1104,0.6841391
1105,0.7442911
1106,0.6452003
1107,0.86144215
1108,0.75311375
1109,0.7426363
1110,0.7230417
1111,0.735426
1112,0.8000301
1113,0.6765931
1114,0.8481383
1115,0.6080949
1116,0.77934635
1117,0.7432612
1118,0.91904116
1119,0.74683154
1120,0.7769289
1121,0.8484797
1122,0.69187653
1123,0.83832085
1124,0.5662609
1125,0.6502577
1126,0.717927
1127,0.694435
1128,0.63283527
1129,0.7493174
1130,0.73742807
1131,0.68653727
1132,0.64394313
1133,0.72732323
1134,0.76776445
1135,0.7229451
1136,0.704096
1137,0.8335138
1138,0.71607256
1139,0.7670902
1140,0.6152112
1141,0.7108025
1142,0.79006517
1143,0.7879729
1144,0.65223956
1145,0.8496617
1146,0.6585408
1147,0.80187327
1148,0.73612356
1149,0.7963792
1150,0.69120646
1151,0.8300766
1152,0.78092104
1153,0.75721633
1154,0.77246535
1155,0.58822286
1156,0.7707908
1157,0.7704382
1158,0.70829606
1159,0.74791867
1160,0.6669239
1161,0.7555861
1162,0.76518893
1163,0.8080311
1164,0.7445272
1165,0.6888753
1166,0.6917378
1167,0.7409545
1168,0.6372142
1169,0.46935794
1170,0.8247694
1171,0.6547785
1172,0.7004014
1173,0.80046546
1174,0.6833243
1175,0.78509796
1176,0.7028044
1177,0.7445565
1178,0.74701816
1179,0.78776
1180,0.757369
1181,0.80300874
1182,0.7583636
1183,0.75704443
1184,0.7137093
1185,0.59862524
1186,0.72015977
1187,0.7786876
1188,0.65138984
1189,0.5791087
1190,0.74036556
1191,0.67587507
1192,0.73638225
1193,0.6323614
1194,0.8180677
1195,0.83848107
1196,0.69540536
1197,0.64803565
1198,0.7732528
1199,0.7805174
1200,0.6558714
1201,0.7973252
1202,0.7140441
1203,0.79806185
1204,0.70582837
1205,0.8074906
1206,0.77241516
1207,0.80355394
1208,0.720552
1209,0.673556
1210,0.7548625
1211,0.75088924
1212,0.7935829
1213,0.88376796
1214,0.78263277
1215,0.70801175
1216,0.8100183
1217,0.60491943
1218,0.6643974
1219,0.6752224
1220,0.6928182
1221,0.778606
1222,0.74790174
1223,0.65857923
1224,0.6648822
1225,0.72566366
1226,0.6374974
1227,0.6521215
1228,0.7228634
1229,0.83282447
1230,0.646472
1231,0.8108633
1232,0.6328794
1233,0.7940103
1234,0.69894135
1235,0.6625802
1236,0.73938656
1237,0.6264645
1238,0.49267125
1239,0.7805519
1240,0.7059375
1241,0.76578367
1242,0.9022474
1243,0.6415858
1244,0.68919086
1245,0.6802426
1246,0.76218855
1247,0.730706
1248,0.698023
1249,0.7329905
1250,0.674889
1251,0.78904927
1252,0.8653667
1253,0.64269614
1254,0.7065023
1255,0.77417207
1256,0.70039415
1257,0.73957336
1258,0.7034092
1259,0.646699
1260,0.6968081
1261,0.7486911
1262,0.82648814
1263,0.80110115
1264,0.7669339
1265,0.7774419
1266,0.686913
1267,0.7189344
1268,0.7009071
1269,0.80318326
1270,0.60355014
1271,0.74206233
1272,0.844031
1273,0.6897342
1274,0.7382596
1275,0.7660728
1276,0.593987
1277,0.8161477
1278,0.7043092
1279,0.64770687
1280,0.6900042
1281,0.64175254
1282,0.67184466
1283,0.67007095
1284,0.8175601
1285,0.73795015
1286,0.5928275
1287,0.65505713
1288,0.6629088
1289,0.6874151
1290,0.80870444
1291,0.6709432
1292,0.681463
1293,0.7438109
1294,0.71490836
1295,0.8163645
1296,0.8469525
1297,0.75341904
1298,0.6593241
1299,0.8297309
1300,0.76183724
1301,0.7545221
1302,0.8704772
1303,0.62528515
1304,0.65339446
1305,0.8046805
1306,0.70423454
1307,0.826592
1308,0.66465735
1309,0.50829697
1310,0.7131165
1311,0.82049
1312,0.73571527
1313,0.9020102
1314,0.7091723
1315,0.74469876
1316,0.72809887
1317,0.8129046
1318,0.6997993
1319,0.75888467
1320,0.6878261
1321,0.8046602
1322,0.78606915
1323,0.66723436
1324,0.6528621
1325,0.6372905
1326,0.64986765
1327,0.8521875
1328,0.6975432
1329,0.80912757
1330,0.7829075
1331,0.81272817
1332,0.7054336
1333,0.6886835
1334,0.7289849
1335,0.6762316
1336,0.613894
1337,0.78922
1338,0.87684387
1339,0.7551602
1340,0.7128867
1341,0.78527117
1342,0.73299134
1343,0.7142699
1344,0.70982456
1345,0.6811042
1346,0.69852597
1347,0.8330083
1348,0.73946327
1349,0.8175408
1350,0.7653793
1351,0.65564656
1352,0.6959568
1353,0.746333
1354,0.86814475
1355,0.6352953
1356,0.67369735
1357,0.7897645
1358,0.6731905
1359,0.74396396
1360,0.7917955
1361,0.6893805
1362,0.7448226
1363,0.67005074
1364,0.6796168
1365,0.7058281
1366,0.7735145
1367,0.7744707
1368,0.67275983
1369,0.76212656
1370,0.6973134
1371,0.8738573
1372,0.6939812
1373,0.7788794
1374,0.6809603
1375,0.694474
1376,0.74415034
1377,0.76353717
1378,0.789343
1379,0.8331691
1380,0.8730718
1381,0.7987283
1382,0.7201725
1383,0.71092117
1384,0.66966915
1385,0.7407057
1386,0.6515893
1387,0.67805505
1388,0.6900753
1389,0.7494937
1390,0.435664
1391,0.7590778
1392,0.83946466
1393,0.74792606
1394,0.7558794
1395,0.7790833
1396,0.69930685
1397,0.8802739
1398,0.80928797
1399,0.71898687
1400,0.6565865
1401,0.65966666
1402,0.7372334
1403,0.82282454
1404,0.7019423
1405,0.74443686
1406,0.7741258
1407,0.8268123
1408,0.6588143
1409,0.7402669
1410,0.78014296
1411,0.7081009
1412,0.7595817
1413,0.68443984
1414,0.7780982
1415,0.7189441
1416,0.7484656
1417,0.6756469
1418,0.6995721
1419,0.59980345
1420,0.8209263
1421,0.7175484
1422,0.69750595
1423,0.793023
1424,0.4990591
1425,0.68380547
1426,0.62122524
1427,0.5803294
1428,0.6501386
1429,0.6458508
1430,0.8085779
1431,0.7116937
1432,0.69926
1433,0.745119
1434,0.79787356
1435,0.71637607
1436,0.6377031
1437,0.8301778
1438,0.6258957
1439,0.67066556
1440,0.62496173
1441,0.6746225
1442,0.66501176
1443,0.87679255
1444,0.7409627
1445,0.75147974
1446,0.6563022
1447,0.77033615
1448,0.7422174
1449,0.6943567
1450,0.7318036
1451,0.83221936
1452,0.7176439
1453,0.73433834
1454,0.7352839
1455,0.7180438
1456,0.5712958
1457,0.838603
1458,0.6779051
1459,0.8011684
1460,0.68904674
1461,0.7047928
1462,0.684878
1463,0.6530284
1464,0.70191896
1465,0.69682604
1466,0.847927
1467,0.6838372
1468,0.79638517
1469,0.66392493
1470,0.6931826
1471,0.68390036
1472,0.6535514
1473,0.7587651
1474,0.80028474
1475,0.81912106
1476,0.7500927
1477,0.5920993
1478,0.62305284
1479,0.67825645
1480,0.77593124
1481,0.5218061
1482,0.6354701
1483,0.6615635
1484,0.67059755
1485,0.76491463
1486,0.76699066
1487,0.74993104
1488,0.847684
1489,0.8189877
1490,0.7730533
1491,0.5945709
1492,0.66478425
1493,0.7806261
1494,0.75699973
1495,0.6611441
1496,0.7651628
1497,0.6554285
1498,0.676529
1499,0.6221492
1500,0.66535
1501,0.7728089
1502,0.5723785
1503,0.73545635
1504,0.6803453
1505,0.7385971
1506,0.76250756
1507,0.55382335
1508,0.7731656
1509,0.80400735
1510,0.6794758
1511,0.7599958
1512,0.8575144
1513,0.7215756
1514,0.61210394
1515,0.5872631
1516,0.759097
1517,0.73408043
1518,0.8137352
1519,0.8082708
1520,0.7813549
1521,0.6827079
1522,0.9052198
1523,0.8003868
1524,0.79680866
1525,0.7978439
1526,0.82348156
1527,0.7766943
1528,0.6866137
1529,0.84397304
1530,0.5827316
1531,0.63746125
1532,0.69510937
1533,0.7288176
1534,0.7675017
1535,0.68165445
1536,0.751061
1537,0.5530764
1538,0.81987476
1539,0.58354646
1540,0.7183565
1541,0.6760076
1542,0.75681615
1543,0.7455808
1544,0.7484645
1545,0.88319474
1546,0.58053184
1547,0.5649566
1548,0.7635826
1549,0.86928433
1550,0.61221945
1551,0.6805465
1552,0.7411345
1553,0.8157085
1554,0.753172
1555,0.8129672
1556,0.78079545
1557,0.7309511
1558,0.6742172
1559,0.7760812
1560,0.53634727
1561,0.7699541
1562,0.5674273
1563,0.75979507
1564,0.7548831
1565,0.820508
1566,0.75611234
1567,0.69693094
1568,0.6344638
1569,0.7844029
1570,0.72874206
1571,0.8098057
1572,0.665774
1573,0.7188058
1574,0.776097
1575,0.70239455
1576,0.71948993
1577,0.66837746
1578,0.79858714
1579,0.6569205
1580,0.7958491
1581,0.7961544
1582,0.6123215
1583,0.6419263
1584,0.73239416
1585,0.6929403
1586,0.8125438
1587,0.86730224
1588,0.7145126
1589,0.7284187
1590,0.84919703
1591,0.7726345
1592,0.5723909
1593,0.75532484
1594,0.7259661
1595,0.6047584
1596,0.6763195
1597,0.7255684
1598,0.55744517
1599,0.7449348
1600,0.6248734
1601,0.6717894
1602,0.7820997
1603,0.6968329
1604,0.737393
1605,0.7508052
1606,0.78942955
1607,0.681487
1608,0.6139416
1609,0.8079535
1610,0.7494352
1611,0.7232529
1612,0.6756038
1613,0.77918535
1614,0.7986231
1615,0.7443942
1616,0.7373612
1617,0.7597724
1618,0.6863556
1619,0.65679824
1620,0.7341126
1621,0.7204925
1622,0.75274885
1623,0.8563045
1624,0.7167008
1625,0.70390815
1626,0.75804067
1627,0.7100976
1628,0.7682694
1629,0.91125757
1630,0.7051183
1631,0.6881852
1632,0.6647192
1633,0.77157366
1634,0.7214155
1635,0.8260056
1636,0.74950165
1637,0.75575554
1638,0.75131106
1639,0.7359202
1640,0.78660166
1641,0.6880674
1642,0.63521516
1643,0.8032651
1644,0.5145099
1645,0.69873303
1646,0.7192607
1647,0.69628364
1648,0.7193068
1649,0.6345048
1650,0.6617671
1651,0.90272814
1652,0.84492284
1653,0.7045805
1654,0.7337046
1655,0.65499675
1656,0.6899664
1657,0.65031517
1658,0.75259733
1659,0.73831576
1660,0.7727864
1661,0.6931355
1662,0.7365896
1663,0.7316922
1664,0.76800835
1665,0.78066266
1666,0.72365534
1667,0.8571973
1668,0.776544
1669,0.7227813
1670,0.82897055
1671,0.7304983
1672,0.7569344
1673,0.8471621
1674,0.581529
1675,0.5879127
1676,0.67329574
1677,0.80262566
1678,0.7003833
1679,0.6799109
1680,0.7167449
1681,0.7081361
1682,0.67384225
1683,0.809221
1684,0.759796
1685,0.8069346
1686,0.7411973
1687,0.7628652
1688,0.6088357
1689,0.7756503
1690,0.6634467
1691,0.7021291
1692,0.5856049
1693,0.7443942
1694,0.8720108
1695,0.76163614
1696,0.6456884
1697,0.7778864
1698,0.8041592
1699,0.65968436
1700,0.8454459
1701,0.6522518
1702,0.745672
1703,0.8257631
1704,0.84876597
1705,0.54375106
1706,0.7746895
1707,0.67205095
1708,0.5962167
1709,0.6968993
1710,0.8525887
1711,0.69216067
1712,0.7243211
1713,0.74381185
1714,0.75778556
1715,0.79796946
1716,0.7052969
1717,0.6876905
1718,0.80729795
1719,0.6155017
1720,0.6086315
1721,0.6332865
1722,0.76354134
1723,0.6266563
1724,0.8426491
1725,0.7895741
1726,0.8122816
1727,0.72900605
1728,0.7362131
1729,0.52233315
1730,0.6682193
1731,0.74526525
1732,0.7197212
1733,0.5999824
1734,0.7465946
1735,0.70994055
1736,0.8025297
1737,0.8467176
1738,0.763741
1739,0.6141884
1740,0.8610039
1741,0.8658215
1742,0.79636735
1743,0.8188423
1744,0.6613345
1745,0.707983
1746,0.7850069
1747,0.7942858
1748,0.75910574
1749,0.73255277
1750,0.8521383
1751,0.8021458
1752,0.79129696
1753,0.687782
1754,0.7015979
1755,0.5696832
1756,0.8487017
1757,0.69965625
1758,0.7178067
1759,0.6439773
1760,0.83419204
1761,0.6472142
1762,0.59042317
1763,0.66738343
1764,0.77409995
1765,0.77149373
1766,0.69268155
1767,0.7812868
1768,0.75884736
1769,0.7128515
1770,0.730152
1771,0.76849777
1772,0.6315561
1773,0.6448291
1774,0.74658823
1775,0.77580774
1776,0.7498598
1777,0.6264132
1778,0.58997536
1779,0.51071876
1780,0.6911412
1781,0.5740035
1782,0.688888
1783,0.6914672
1784,0.78346384
1785,0.8099096
1786,0.7594805
1787,0.7502557
1788,0.6919581
1789,0.6853338
1790,0.80196714
1791,0.7974403
1792,0.7119657
1793,0.9139315
1794,0.7166677
1795,0.75250405
1796,0.67725646
1797,0.82589406
1798,0.76489794
1799,0.7604345
1800,0.8148112
1801,0.7447218
1802,0.76464486
1803,0.6052922
1804,0.8000159
1805,0.69399893
1806,0.826436
1807,0.78284967
1808,0.6463202
1809,0.78449136
1810,0.7852118
1811,0.7584478
1812,0.8175018
1813,0.71391
1814,0.80851924
1815,0.60866207
1816,0.6226202
1817,0.643019
1818,0.82475924
1819,0.78258175
1820,0.80405545
1821,0.7473088
1822,0.699064
1823,0.766742
1824,0.74053645
1825,0.72554225
1826,0.55210614
1827,0.74281114
1828,0.7645953
1829,0.76817095
1830,0.7429209
1831,0.7207817
1832,0.7280713
1833,0.8326335
1834,0.7179526
1835,0.72662455
1836,0.7306361
1837,0.77785563
1838,0.6520821
1839,0.7474024
1840,0.88001776
1841,0.69684035
1842,0.75860703
1843,0.8332077
1844,0.69512004
1845,0.82787687
1846,0.7686837
1847,0.81314534
1848,0.712921
1849,0.83418894
1850,0.8836148
1851,0.76160735
1852,0.7134813
1853,0.59203255
1854,0.676884
1855,0.6140848
1856,0.830075
1857,0.686419
1858,0.76012015
1859,0.8084413
1860,0.7297876
1861,0.8953682
1862,0.71578836
1863,0.688606
1864,0.76192254
1865,0.64525145
1866,0.64301383
1867,0.7339846
1868,0.7428014
1869,0.5985907
1870,0.69554424
1871,0.730076
1872,0.72736883
1873,0.86156917
1874,0.5187586
1875,0.76453114
1876,0.673487
1877,0.5499846
1878,0.7114928
1879,0.79271114
1880,0.7632655
1881,0.6606398
1882,0.8011972
1883,0.7051822
1884,0.89184535
1885,0.64546937
1886,0.8494537
1887,0.69894254
1888,0.7487349
1889,0.74422836
1890,0.73745364
1891,0.745954
1892,0.7890893
1893,0.8434263
1894,0.7872046
1895,0.6893674
1896,0.8016859
1897,0.6782167
1898,0.5403558
1899,0.76091564
1900,0.68415457
1901,0.7339302
1902,0.7382147
1903,0.7073002
1904,0.6943925
1905,0.6903361
1906,0.7482968
1907,0.80667734
1908,0.69085556
1909,0.80580264
1910,0.7069742
1911,0.7020569
1912,0.75551337
1913,0.7003765
1914,0.7808962
1915,0.7173314
1916,0.7463585
1917,0.71722955
1918,0.62880254
1919,0.7406709
1920,0.53014743
1921,0.71019083
1922,0.80699724
1923,0.7761805
1924,0.6841773
1925,0.80527854
1926,0.86510813
1927,0.76579213
1928,0.7641804
1929,0.80686426
1930,0.7725513
1931,0.71908337
1932,0.7255213
1933,0.7329793
1934,0.6317383
1935,0.6356944
1936,0.83176035
1937,0.8389316
1938,0.72185653
1939,0.83318615
1940,0.834798
1941,0.76370007
1942,0.81321716
1943,0.7633537
1944,0.78894836
1945,0.7102723
1946,0.800269
1947,0.8538064
1948,0.6749989
1949,0.6778318
1950,0.5822181
1951,0.75178105
1952,0.5863688
1953,0.8332736
1954,0.7835962
1955,0.7565147
1956,0.64723617
1957,0.80406094
1958,0.6422576
1959,0.6525724
1960,0.77709866
1961,0.78272176
1962,0.5963442
1963,0.7969361
1964,0.7563676
1965,0.76276994
1966,0.75069696
1967,0.759329
1968,0.6699716
1969,0.7467284
1970,0.6686024
1971,0.632746
1972,0.8002372
1973,0.74965477
1974,0.7107917
1975,0.65210855
1976,0.6964829
1977,0.8665315
1978,0.68131495
1979,0.76192826
1980,0.7111107
1981,0.76881766
1982,0.6438208
1983,0.6113756
1984,0.5852292
1985,0.759947
1986,0.6683612
1987,0.75223434
1988,0.70440984
1989,0.7278943
1990,0.6255199
1991,0.6596043
1992,0.7887278
1993,0.8489411
1994,0.6772294
1995,0.6512817
1996,0.8887477
1997,0.62927645
1998,0.7726565
1999,0.8492665
2000,0.71251345
2001,0.6949767
2002,0.7959121
2003,0.84057504
2004,0.8109901
2005,0.74393594
2006,0.7711529
2007,0.7419722
2008,0.71923995
2009,0.7699959
2010,0.7217466
2011,0.69723
2012,0.7145923
2013,0.7493967
2014,0.67994297
2015,0.8246856
2016,0.7509022
2017,0.75476265
2018,0.69288707
2019,0.7418111
2020,0.66321987
2021,0.8518251
2022,0.7682
2023,0.71216047
2024,0.7839955
2025,0.8343446
2026,0.75158685
2027,0.7542528
2028,0.57447946
2029,0.78819597
2030,0.63891506
2031,0.8101027
2032,0.7330146
2033,0.6674098
2034,0.85101587
2035,0.6537945
2036,0.6502353
2037,0.5442618
2038,0.70905435
2039,0.7445742
2040,0.75763524
2041,0.54079735
2042,0.6691545
2043,0.61622167
2044,0.8263758
2045,0.68704873
2046,0.817706
2047,0.68757993
2048,0.6826607
2049,0.87537277
2050,0.67373556
2051,0.7191035
2052,0.72702724
2053,0.7523951
2054,0.67192197
2055,0.7107717
2056,0.7628596
2057,0.6453854
2058,0.6061706
2059,0.7102554
2060,0.7391043
2061,0.750342
2062,0.6512713
2063,0.85386735
2064,0.70868
2065,0.73302567
2066,0.67508185
2067,0.72825617
2068,0.6883327
2069,0.59406406
2070,0.73013943
2071,0.61993855
2072,0.704705
2073,0.7033582
2074,0.5584494
2075,0.7067839
2076,0.5957662
2077,0.6679539
2078,0.55999106
2079,0.49041227
2080,0.7982358
2081,0.6527813
2082,0.6764126
2083,0.63027394
2084,0.8313526
2085,0.717263
2086,0.7272842
2087,0.54403055
2088,0.60216177
2089,0.8595315
2090,0.6407816
2091,0.6546258
2092,0.79063535
2093,0.58489805
2094,0.7649788
2095,0.757733
2096,0.6919702
2097,0.80567974
2098,0.7808201
2099,0.66886693
2100,0.6114838
2101,0.7142792
2102,0.68808687
2103,0.7948721
2104,0.6933893
2105,0.79366267
2106,0.69538325
2107,0.79934806
2108,0.73197585
2109,0.8162431
2110,0.7754234
2111,0.78739953
2112,0.729414
2113,0.5425926
2114,0.8738127
2115,0.6355839
2116,0.7138638
2117,0.6649608
2118,0.6582157
2119,0.53812706
2120,0.7741222
2121,0.7860831
2122,0.64949477
2123,0.7503802
2124,0.65058744
2125,0.67868805
2126,0.75496113
2127,0.7556541
2128,0.7406869
2129,0.77650297
2130,0.72659147
2131,0.6968544
2132,0.76720285
2133,0.74076545
2134,0.5736484
2135,0.6174557
2136,0.72177595
2137,0.72208583
2138,0.77659816
2139,0.65529144
2140,0.8113541
2141,0.803138
2142,0.74505407
2143,0.6989018
2144,0.6682937
2145,0.7378397
2146,0.74834484
2147,0.78032166
2148,0.59048796
2149,0.572981
2150,0.802521
2151,0.7683337
2152,0.7105342
2153,0.6793625
2154,0.7298421
2155,0.80010015
2156,0.8324591
2157,0.74193186
2158,0.542302
2159,0.7739733
2160,0.8017055
2161,0.76114357
2162,0.7970953
2163,0.67057
2164,0.58269733
2165,0.6285643
2166,0.74672925
2167,0.5973588
2168,0.7343401
2169,0.7227613
2170,0.60634834
2171,0.7496861
2172,0.85481167
2173,0.81956375
2174,0.64070404
2175,0.66709363
2176,0.7657839
2177,0.7179416
2178,0.68794936
2179,0.74187505
2180,0.70337313
2181,0.8083708
2182,0.7371645
2183,0.67948306
2184,0.64866155
2185,0.5818977
2186,0.65341115
2187,0.73677844
2188,0.72666
2189,0.7805859
2190,0.74184483
2191,0.76163065
2192,0.63043755
2193,0.7873708
2194,0.78574574
2195,0.55168205
2196,0.65153366
2197,0.70937765
2198,0.7089992
2199,0.5768665
2200,0.8125963
2201,0.7882484
2202,0.7362138
2203,0.8613156
2204,0.8127148
2205,0.8318418
2206,0.6868353
2207,0.7516179
2208,0.7407572
2209,0.72259986
2210,0.7608682
2211,0.7560715
2212,0.6368591
2213,0.90692234
2214,0.7297091
2215,0.72407794
2216,0.7724745
2217,0.5529489
2218,0.79990417
2219,0.8346726
2220,0.7848213
2221,0.77412057
2222,0.78956765
2223,0.855137
2224,0.69678426
2225,0.79203767
2226,0.6530971
2227,0.77436244
2228,0.78005755
2229,0.6769203
2230,0.8535632
2231,0.70944643
2232,0.873346
2233,0.8289354
2234,0.6987839
2235,0.6882593
2236,0.779547
2237,0.6820209
2238,0.7039437
2239,0.8238139
2240,0.7463523
2241,0.6676332
2242,0.8090897
2243,0.62060803
2244,0.6565347
2245,0.60314596
2246,0.710477
2247,0.6737896
2248,0.7015954
2249,0.75226295
2250,0.8680986
2251,0.5935191
2252,0.64307964
2253,0.7297939
2254,0.7913327
2255,0.71725976
2256,0.7588595
2257,0.58701634
2258,0.7775163
2259,0.7803461
2260,0.810133
2261,0.7299996
2262,0.83272076
2263,0.8623487
2264,0.6122024
2265,0.7966347
2266,0.57333595
2267,0.734892
2268,0.7350351
2269,0.5601634
2270,0.7234469
2271,0.6866497
2272,0.80523145
2273,0.57662964
2274,0.7281947
2275,0.72514284
2276,0.6125663
2277,0.7563125
2278,0.5899309
2279,0.68979466
2280,0.7486677
2281,0.5420903
2282,0.8412143
2283,0.7545306
2284,0.99417347
2285,0.73932016
2286,0.7719233
2287,0.74183846
2288,0.6815481
2289,0.6655474
2290,0.71852154
2291,0.70304644
2292,0.6544049
2293,0.6669041
2294,0.7335963
2295,0.8218763
2296,0.68538266
2297,0.8475548
2298,0.70462316
2299,0.7781069
2300,0.71468794
2301,0.7404506
2302,0.79737383
2303,0.7922356
2304,0.6764748
2305,0.70755863
2306,0.67546004
2307,0.6328832
2308,0.74964905
2309,0.6018722
2310,0.65307957
2311,0.7214716
2312,0.79691035
2313,0.8829169
2314,0.76199055
2315,0.88282716
2316,0.6930017
2317,0.76133
2318,0.60725784
2319,0.74351186
2320,0.6759441
2321,0.772931
2322,0.80824727
2323,0.7076586
2324,0.6994431
2325,0.79863816
2326,0.6896263
2327,0.775702
2328,0.6922303
2329,0.7693126
2330,0.7869483
2331,0.88757217
2332,0.75929403
2333,0.7834473
2334,0.5635343
2335,0.79247904
2336,0.72999156
2337,0.6688241
2338,0.6746471
2339,0.6772765
2340,0.80247116
2341,0.54378796
2342,0.7328199
2343,0.8314893
2344,0.6766851
2345,0.59620035
2346,0.7624257
2347,0.7552142
2348,0.83169115
2349,0.731642
2350,0.6507308
2351,0.8755119
2352,0.7218087
2353,0.50993305
2354,0.7304262
2355,0.7179712
2356,0.7847113
2357,0.68030083
2358,0.68618643
2359,0.6657878
2360,0.81052315
2361,0.60923547
2362,0.87640995
2363,0.6793108
2364,0.86081946
2365,0.68757766
2366,0.7919429
2367,0.7565118
2368,0.7843905
2369,0.74232155
2370,0.8442618
2371,0.7489022
2372,0.77002263
2373,0.8567734
2374,0.63230014
2375,0.76232064
2376,0.66618186
2377,0.8301507
2378,0.67610526
2379,0.63184005
2380,0.6429118
2381,0.7407046
2382,0.71506345
2383,0.5729519
2384,0.8391743
2385,0.6459137
2386,0.5863351
2387,0.599156
2388,0.6274963
2389,0.7586608
2390,0.7302489
2391,0.8503779
2392,0.73167723
2393,0.79211813
2394,0.7902133
2395,0.7743864
2396,0.8102171
2397,0.7499189
2398,0.72715855
2399,0.6033174
2400,0.72381425
2401,0.68083304
2402,0.75003755
2403,0.6837317
2404,0.71287847
2405,0.7494837
2406,0.6649516
2407,0.73822504
2408,0.7491011
2409,0.8931348
2410,0.7802563
2411,0.913545
2412,0.8041822
2413,0.72899723
2414,0.71862674
2415,0.6553612
2416,0.8181835
2417,0.77828306
2418,0.69137454
2419,0.73790634
2420,0.8028591
2421,0.70514524
2422,0.6932084
2423,0.8355905
2424,0.648784
2425,0.69871384
2426,0.7367258
2427,0.73611116
2428,0.65594804
2429,0.64708793
2430,0.74751246
2431,0.56549764
2432,0.7352003
2433,0.7074232
2434,0.74896777
2435,0.64071906
2436,0.63283116
2437,0.83931726
2438,0.70413816
2439,0.7501342
2440,0.59954023
2441,0.720211
2442,0.8209413
2443,0.7679104
2444,0.8119086
2445,0.6304669
2446,0.59533596
2447,0.78100115
2448,0.74199605
2449,0.75345635
2450,0.7074658
2451,0.6757535
2452,0.8304502
2453,0.85168535
2454,0.6938749
2455,0.65886134
2456,0.65094185
2457,0.7946816
2458,0.5429791
2459,0.755124
2460,0.76546854
2461,0.5988815
2462,0.74244815
2463,0.74030167
2464,0.7573923
2465,0.9040625
2466,0.84811366
2467,0.7225103
2468,0.8894075
2469,0.6558674
2470,0.79404366
2471,0.49192333
2472,0.7050236
2473,0.6718153
2474,0.88370365
2475,0.697485
2476,0.78124154
2477,0.7266466
2478,0.7795936
2479,0.80869436
2480,0.65622854
2481,0.6656661
2482,0.6512047
2483,0.66457725
2484,0.664274
2485,0.72948295
2486,0.7228149
2487,0.85049367
2488,0.7857796
2489,0.7802295
2490,0.8003359
2491,0.77909344
2492,0.7890346
2493,0.71244514
2494,0.62347823
2495,0.6773007
2496,0.75961673
2497,0.7127953
2498,0.7353554
2499,0.7522766
2500,0.70748717
2501,0.7813691
2502,0.7154419
2503,0.84035254
2504,0.6628089
2505,0.61169726
2506,0.655468
2507,0.6752551
2508,0.720947
2509,0.75679684
2510,0.63945764
2511,0.6713339
2512,0.7209729
2513,0.7674565
2514,0.68140644
2515,0.7145208
2516,0.7152602
2517,0.7044686
2518,0.6549572
2519,0.6808565
2520,0.77418894
2521,0.57190955
2522,0.8104987
2523,0.57772195
2524,0.66791105
2525,0.6595732
2526,0.6385907
2527,0.62582433
2528,0.63218
2529,0.73196924
2530,0.7032101
2531,0.74139315
2532,0.6785015
2533,0.86799276
2534,0.6884557
2535,0.72926295
2536,0.65486634
2537,0.7097073
2538,0.7027946
2539,0.7482969
2540,0.62102604
2541,0.84379196
2542,0.6959041
2543,0.6475897
2544,0.8178467
2545,0.7963056
2546,0.8353813
2547,0.8054755
2548,0.6003268
2549,0.6858021
2550,0.76889586
2551,0.7945423
2552,0.67421573
2553,0.6974309
2554,0.6995338
2555,0.72801566
2556,0.858669
2557,0.683308
2558,0.7207677
2559,0.80342877
2560,0.70077014
2561,0.55514956
2562,0.76429486
2563,0.61679447
2564,0.5798494
2565,0.6694066
2566,0.7589494
2567,0.7118468
2568,0.667892
2569,0.7539431
2570,0.68756586
2571,0.8149062
2572,0.6186742
2573,0.6840193
2574,0.73552036
2575,0.88264024
2576,0.7710155
2577,0.6995893
2578,0.59320056
2579,0.71984273
2580,0.7193693
2581,0.76092327
2582,0.72313243
2583,0.6300819
2584,0.6347989
2585,0.58821666
2586,0.80263805
2587,0.7658865
2588,0.71286607
2589,0.83241206
2590,0.69823545
2591,0.43966585
2592,0.72710466
2593,0.75060225
2594,0.6686284
2595,0.7017137
2596,0.7318899
2597,0.8343017
2598,0.74113274
2599,0.70403117
2600,0.797729
2601,0.76030314
2602,0.80464727
2603,0.7818651
2604,0.73572165
2605,0.7674916
2606,0.8581216
2607,0.73846436
2608,0.68408513
2609,0.76268494
2610,0.649346
2611,0.652704
2612,0.7352582
2613,0.74808204
2614,0.63168526
2615,0.6277728
2616,0.7124851
2617,0.6653981
2618,0.6383724
2619,0.8183348
2620,0.73552775
2621,0.8637774
2622,0.76307225
2623,0.66527724
2624,0.63862073
2625,0.7484851
2626,0.63956034
2627,0.72816575
2628,0.67261815
2629,0.6514193
2630,0.7391646
2631,0.6935447
2632,0.71091616
2633,0.76136404
2634,0.7158035
2635,0.8007605
2636,0.69233
2637,0.6741837
2638,0.7583815
2639,0.5947856
2640,0.6631609
2641,0.81895834
2642,0.660402
2643,0.71763355
2644,0.7574522
2645,0.7811462
2646,0.735435
2647,0.6465007
2648,0.7400338
2649,0.601598
2650,0.6513927
2651,0.8247528
2652,0.61522394
2653,0.79534996
2654,0.7256892
2655,0.5489356
2656,0.75784117
2657,0.8091406
2658,0.67909485
2659,0.70937717
2660,0.6313776
2661,0.6697023
2662,0.7616246
2663,0.60825586
2664,0.72263765
2665,0.7430343
2666,0.6295357
2667,0.82585704
2668,0.72159135
2669,0.39573878
2670,0.85685885
2671,0.6962973
2672,0.79741573
2673,0.6328066
2674,0.693502
2675,0.7822945
2676,0.8271456
2677,0.7209606
2678,0.8443949
2679,0.75011766
2680,0.84182847
2681,0.6656256
2682,0.70639586
2683,0.710572
2684,0.867682
2685,0.8483945
2686,0.74803233
2687,0.73089206
2688,0.78200275
2689,0.69551885
2690,0.7983607
2691,0.7501533
2692,0.5967931
2693,0.72997326
2694,0.78837657
2695,0.68594944
2696,0.69732654
2697,0.75095594
2698,0.8543745
2699,0.6542203
2700,0.6512656
2701,0.8254914
2702,0.8263388
2703,0.6353214
2704,0.60830784
2705,0.744765
2706,0.85482574
2707,0.59322053
2708,0.84672713
2709,0.79676235
2710,0.7551628
2711,0.7331221
2712,0.82376313
2713,0.7837348
2714,0.8014692
2715,0.73613477
2716,0.6618333
2717,0.620545
2718,0.6599121
2719,0.6621809
2720,0.7799599
2721,0.6710903
2722,0.7049192
2723,0.87965626
2724,0.68686354
2725,0.7134838
2726,0.70610535
2727,0.4871478
2728,0.6747489
2729,0.5999689
2730,0.7951015
2731,0.8759248
2732,0.7474897
2733,0.7705492
2734,0.7012416
2735,0.7062906
2736,0.87892926
2737,0.7740678
2738,0.73201716
2739,0.58050716
2740,0.7591014
2741,0.5956653
2742,0.7986202
2743,0.82650995
2744,0.7902313
2745,0.711361
2746,0.7480427
2747,0.6551464
2748,0.6432847
2749,0.70107615
2750,0.86784303
2751,0.7958683
2752,0.7832805
2753,0.65432966
2754,0.75615275
2755,0.7423579
2756,0.7193635
2757,0.6316505
2758,0.7095729
2759,0.69258523
2760,0.7415618
2761,0.72520846
2762,0.6951114
2763,0.7832621
2764,0.7747923
2765,0.7353775
2766,0.80061686
2767,0.7865652
2768,0.56421936
2769,0.6713438
2770,0.77740735
2771,0.68015206
2772,0.7442586
2773,0.79367876
2774,0.73971826
2775,0.8256084
2776,0.78425324
2777,0.6811498
2778,0.7581698
2779,0.5659822
2780,0.7335882
2781,0.64757633
2782,0.6328813
2783,0.8172725
2784,0.76044387
2785,0.72827566
2786,0.8489193
2787,0.7756419
2788,0.8228131
2789,0.73166203
2790,0.7007758
2791,0.709357
2792,0.62268436
2793,0.680714
2794,0.6138703
2795,0.85799515
2796,0.73315006
2797,0.7004249
2798,0.8475014
2799,0.75252974
2800,0.7328242
2801,0.67496425
2802,0.7404263
2803,0.7521475
2804,0.8065027
2805,0.6532975
2806,0.84780204
2807,0.5054306
2808,0.7056469
2809,0.74538666
2810,0.628799
2811,0.6173936
2812,0.73774487
2813,0.6257624
2814,0.8279742
2815,0.6185686
2816,0.75926924
2817,0.7696816
2818,0.79944754
2819,0.6332568
2820,0.79898614
2821,0.8702009
2822,0.72387135
2823,0.7346884
2824,0.7366725
2825,0.8555989
2826,0.8478167
2827,0.73085964
2828,0.619685
2829,0.65032285
2830,0.60557103
2831,0.64430326
2832,0.784641
2833,0.6967398
2834,0.73221886
2835,0.7054658
2836,0.62384295
2837,0.5410389
2838,0.8556985
2839,0.9029374
2840,0.7168145
2841,0.84010744
2842,0.72661054
2843,0.8745254
2844,0.81983066
2845,0.74446285
2846,0.6333317
2847,0.6850389
2848,0.75457275
2849,0.68254864
2850,0.64706916
2851,0.5726987
2852,0.5670061
2853,0.60714036
2854,0.8620701
2855,0.76198864
2856,0.73421025
2857,0.7981118
2858,0.54637295
2859,0.66743624
2860,0.7220415
2861,0.8440443
2862,0.60622025
2863,0.6131842
2864,0.8067808
2865,0.70238733
2866,0.61984384
2867,0.6327399
2868,0.7372204
2869,0.7044134
2870,0.79851234
2871,0.69761854
2872,0.87554955
2873,0.6730161
2874,0.7021013
2875,0.8183982
2876,0.7462868
2877,0.7373233
2878,0.66787755
2879,0.64409894
2880,0.6778554
2881,0.744287
2882,0.7016593
2883,0.6282445
2884,0.7377376
2885,0.6680552
2886,0.58637065
2887,0.6391737
2888,0.8271939
2889,0.65284616
2890,0.7915928
2891,0.61722356
2892,0.60216796
2893,0.7819973
2894,0.8382175
2895,0.66746986
2896,0.75051636
2897,0.8795266
2898,0.7612657
2899,0.7320971
2900,0.69210815
2901,0.7341433
2902,0.77398515
2903,0.82115316
2904,0.8314379
2905,0.6608044
2906,0.77494764
2907,0.7255701
2908,0.707379
2909,0.69678736
2910,0.8383373
2911,0.7514445
2912,0.8475772
2913,0.855019
2914,0.7400592
2915,0.82250655
2916,0.5400462
2917,0.7744131
2918,0.7131756
2919,0.7626435
2920,0.73941034
2921,0.73841345
2922,0.71373427
2923,0.7642156
2924,0.66679287
2925,0.7282137
2926,0.8127217
2927,0.81055796
2928,0.7609674
2929,0.63453764
2930,0.66868305
2931,0.8777137
2932,0.62724966
2933,0.8523069
2934,0.80070114
2935,0.6665671
2936,0.7211487
2937,0.6409259
2938,0.6629037
2939,0.61185306
2940,0.8717371
2941,0.8476578
2942,0.5799618
2943,0.8195239
2944,0.7493105
2945,0.67984533
2946,0.890304
2947,0.6699947
2948,0.6475065
2949,0.6769858
2950,0.65080905
2951,0.8336624
2952,0.7676479
2953,0.7739085
2954,0.7131791
2955,0.7709371
2956,0.6585336
2957,0.8402104
2958,0.77680063
2959,0.6463773
2960,0.7292302
2961,0.68488777
2962,0.7114048
2963,0.68893343
2964,0.7561065
2965,0.6715543
2966,0.8015928
2967,0.7670124
2968,0.6472453
2969,0.6755735
2970,0.7294522
2971,0.6383081
2972,0.780365
2973,0.6809546
2974,0.6952332
2975,0.7633242
2976,0.7579906
2977,0.47313595
2978,0.7743515
2979,0.6371481
2980,0.8288146
2981,0.6237309
2982,0.86291397
2983,0.73660004
2984,0.64692897
2985,0.68839455
2986,0.683764
2987,0.7765665
2988,0.78196645
2989,0.7346375
2990,0.8327317
2991,0.5869792
2992,0.7839686
2993,0.69934106
2994,0.70768905
2995,0.7611451
2996,0.7951191
2997,0.68201095
2998,0.7022859
2999,0.7213068
3000,0.83008766
3001,0.6946115
3002,0.71570444
3003,0.5847604
3004,0.6886689
3005,0.7353926
3006,0.6452563
3007,0.70716166
3008,0.65455604
3009,0.8686987
3010,0.6320733
3011,0.74960655
3012,0.76469654
3013,0.93775624
3014,0.71107
3015,0.73020065
3016,0.6225394
3017,0.77879065
3018,0.6825044
3019,0.73242867
3020,0.8248613
3021,0.7949047
3022,0.62600243
3023,0.8493875
3024,0.74378717
3025,0.7911751
3026,0.8438656
3027,0.7401951
3028,0.62787247
3029,0.7777838
3030,0.77299297
3031,0.5612186
3032,0.83113086
3033,0.61365926
3034,0.6715548
3035,0.72385377
3036,0.65985054
3037,0.7310674
3038,0.8102068
3039,0.5859034
3040,0.594427
3041,0.68804467
3042,0.79103756
3043,0.66113305
3044,0.77578914
3045,0.7442014
3046,0.78864473
3047,0.92160416
3048,0.78864336
3049,0.6264592
3050,0.7584615
3051,0.7483573
3052,0.7150564
3053,0.6923621
3054,0.7927108
3055,0.7900977
3056,0.8863027
3057,0.6749132
3058,0.6420864
3059,0.7844546
3060,0.7421968
3061,0.6733415
3062,0.7403958
3063,0.74088746
3064,0.74360764
3065,0.7834617
3066,0.694437
3067,0.8325324
3068,0.5341955
3069,0.66399604
3070,0.6708982
3071,0.6795796
3072,0.7745551
3073,0.84246856
3074,0.66835463
3075,0.8420223
3076,0.64692146
3077,0.7068342
3078,0.74805063
3079,0.78139883
3080,0.6246841
3081,0.62820756
3082,0.7092229
3083,0.6932295
3084,0.7802641
3085,0.6669477
3086,0.65371865
3087,0.6090925
3088,0.6600944
3089,0.64569974
3090,0.7036849
3091,0.8372892
3092,0.61633646
3093,0.6532554
3094,0.7178987
3095,0.78238857
3096,0.618119
3097,0.59239787
3098,0.64302975
3099,0.76723766
3100,0.8230658
3101,0.72069573
3102,0.74744
3103,0.6868577
3104,0.83910036
3105,0.633543
3106,0.6682162
3107,0.5570215
3108,0.6829531
3109,0.7673471
3110,0.68770194
3111,0.87460095
3112,0.74223125
3113,0.74494547
3114,0.7677644
3115,0.7963866
3116,0.7185455
3117,0.67497635
3118,0.8305299
3119,0.7951454
3120,0.7461078
3121,0.6997254
3122,0.81866854
3123,0.6606485
3124,0.6717907
3125,0.74303484
3126,0.7220719
3127,0.79882973
3128,0.71613276
3129,0.7706507
3130,0.68411255
3131,0.84608227
3132,0.6986444
3133,0.7427374
3134,0.65464103
3135,0.637447
3136,0.7914773
3137,0.7229534
3138,0.7478937
3139,0.61360264
3140,0.60012007
3141,0.7202898
3142,0.79733306
3143,0.68965566
3144,0.70221794
3145,0.66810787
3146,0.6665904
3147,0.6710446
3148,0.7287822
3149,0.8001087
3150,0.67543423
3151,0.6645845
3152,0.7378551
3153,0.7193414
3154,0.7849684
3155,0.80172986
3156,0.5769582
3157,0.6975739
3158,0.56699526
3159,0.73588437
3160,0.84330624
3161,0.7630254
3162,0.68479407
3163,0.8362781
3164,0.7172185
3165,0.7359556
3166,0.6290575
3167,0.6632232
3168,0.7960874
3169,0.7242387
3170,0.80805117
3171,0.7247969
3172,0.8148945
3173,0.64260966
3174,0.6165382
3175,0.6988863
3176,0.73720217
3177,0.8050381
3178,0.9020667
3179,0.78987086
3180,0.7311369
3181,0.70979875
3182,0.6825042
3183,0.78514576
3184,0.6659938
3185,0.72235346
3186,0.8280314
3187,0.6880225
3188,0.7320501
3189,0.76981
3190,0.7535887
3191,0.7378609
3192,0.74850464
3193,0.7003501
3194,0.8505132
3195,0.82824415
3196,0.7250558
3197,0.72872645
3198,0.67232
3199,0.6862595
3200,0.63552153
3201,0.7710345
3202,0.80376023
3203,0.6906148
3204,0.53686476
3205,0.7795447
3206,0.74160314
3207,0.8415427
3208,0.6001488
3209,0.8338904
3210,0.73663956
3211,0.8073522
3212,0.7091094
3213,0.76841235
3214,0.73521185
3215,0.7509196
3216,0.78126395
3217,0.76603985
3218,0.7414706
3219,0.7500243
3220,0.8231022
3221,0.7062867
3222,0.5726036
3223,0.7974062
3224,0.6814737
3225,0.5634292
3226,0.61533016
3227,0.59446853
3228,0.77343905
3229,0.7249354
3230,0.7531955
3231,0.880479
3232,0.6861972
3233,0.8804124
3234,0.6912576
3235,0.7694863
3236,0.8036095
3237,0.52495915
3238,0.75504446
3239,0.7421116
3240,0.75143963
3241,0.5789825
3242,0.7393582
3243,0.70713437
3244,0.750332
3245,0.7156648
3246,0.6431167
3247,0.8050313
3248,0.8747726
3249,0.7787831
3250,0.6956835
3251,0.60971326
3252,0.55360115
3253,0.59657836
3254,0.7537655
3255,0.7651586
3256,0.6580839
3257,0.7465185
3258,0.706365
3259,0.6695843
3260,0.80638486
3261,0.7858428
3262,0.6614029
3263,0.7358737
3264,0.7570926
3265,0.72516555
3266,0.7830144
3267,0.5559538
3268,0.74274004
3269,0.6957475
3270,0.7662093
3271,0.6278869
3272,0.7892774
3273,0.78166544
3274,0.7551433
3275,0.61649513
3276,0.7051414
3277,0.73115766
3278,0.8158568
3279,0.5986595
3280,0.85943365
3281,0.84767616
3282,0.68988985
3283,0.72445047
3284,0.78379166
3285,0.8062759
3286,0.7520571
3287,0.6253115
3288,0.79091847
3289,0.89795166
3290,0.78163433
3291,0.69669807
3292,0.7984873
3293,0.83112586
3294,0.72759056
3295,0.58615565
3296,0.6170913
3297,0.8818934
3298,0.68909
3299,0.8236045
3300,0.77333003
3301,0.77094746
3302,0.7907957
3303,0.6374805
3304,0.6575741
3305,0.6853719
3306,0.58858305
3307,0.76906705
3308,0.72195125
3309,0.75672877
3310,0.67248785
3311,0.71385634
3312,0.65628165
3313,0.7810936
3314,0.7941619
3315,0.7937238
3316,0.61044306
3317,0.58222973
3318,0.65269536
3319,0.6835653
3320,0.5955113
3321,0.77067524
3322,0.6270678
3323,0.64523053
3324,0.87294966
3325,0.70926607
3326,0.7787585
3327,0.84086215
3328,0.857259
3329,0.7344412
3330,0.7033948
3331,0.54963773
3332,0.7485292
3333,0.81117606
3334,0.7541425
3335,0.79185164
3336,0.70128316
3337,0.85507935
3338,0.7286817
3339,0.81618196
3340,0.79513276
3341,0.77051306
3342,0.83860815
3343,0.7699139
3344,0.7222538
3345,0.5427285
3346,0.63926566
3347,0.7150397
3348,0.6831622
3349,0.7171297
3350,0.78201616
3351,0.74855685
3352,0.80913556
3353,0.7121883
3354,0.8102648
3355,0.5971414
3356,0.7521721
3357,0.6230309
3358,0.75787795
3359,0.7557433
3360,0.75808734
3361,0.8102561
3362,0.67021155
3363,0.6354948
3364,0.8025814
3365,0.7399101
3366,0.72782826
3367,0.652709
3368,0.72689056
3369,0.8071165
3370,0.7459909
3371,0.8929717
3372,0.7766496
3373,0.63414633
3374,0.62869257
3375,0.7541914
3376,0.8569448
3377,0.834882
3378,0.70091784
3379,0.6489852
3380,0.7506989
3381,0.66124034
3382,0.83581436
3383,0.78035855
3384,0.753525
3385,0.77115655
3386,0.72565126
3387,0.65131694
3388,0.7199674
3389,0.7151607
3390,0.71042234
3391,0.79744726
3392,0.7653607
3393,0.8264833
3394,0.6639212
3395,0.69712925
3396,0.64241725
3397,0.8999783
3398,0.69632053
3399,0.6290751
3400,0.6872637
3401,0.5750498
3402,0.6852602
3403,1.0
3404,0.8690778
3405,0.78724855
3406,0.6501079
3407,0.63663894
3408,0.8329632
3409,0.69222975
3410,0.66735196
3411,0.8023565
3412,0.8477149
3413,0.68180335
3414,0.6566045
3415,0.64357877
3416,0.65850526
3417,0.65767604
3418,0.8124589
3419,0.82000977
3420,0.6754361
3421,0.83515644
3422,0.67456055
3423,0.7212699
3424,0.6428878
3425,0.81196547
3426,0.62830484
3427,0.64604
3428,0.6654408
3429,0.7826408
3430,0.68180066
3431,0.77279377
3432,0.81941986
3433,0.80404824
3434,0.76526886
3435,0.7370911
3436,0.7001781
3437,0.70034516
3438,0.7315928
3439,0.7531277
3440,0.6361574
3441,0.79658
3442,0.69451916
3443,0.84448814
3444,0.49811012
3445,0.6353893
3446,0.7393351
3447,0.81661516
3448,0.76346457
3449,0.6465409
3450,0.6136508
3451,0.8322572
3452,0.7274351
3453,0.53662556
3454,0.62507993
3455,0.7204297
3456,0.7089467
3457,0.63329697
3458,0.73363066
3459,0.8922771
3460,0.66916335
3461,0.75635344
3462,0.70242006
3463,0.7093169
3464,0.69705546
3465,0.6730071
3466,0.7205292
3467,0.82090306
3468,0.8000698
3469,0.7079541
3470,0.66514546
3471,0.6748365
3472,0.74538106
3473,0.9402486
3474,0.72612655
3475,0.63854975
3476,0.6915624
3477,0.6763272
3478,0.7369299
3479,0.7300974
3480,0.77770865
3481,0.71860784
3482,0.76456475
3483,0.7530559
3484,0.7513472
3485,0.7530384
3486,0.83890784
3487,0.82599294
3488,0.7437386
3489,0.69507706
3490,0.7084831
3491,0.79765236
3492,0.7928902
3493,0.71437
3494,0.59573954
3495,0.76687455
3496,0.7078436
3497,0.66605103
3498,0.6995715
3499,0.7822457
3500,0.74025726
3501,0.7691238
3502,0.7108693
3503,0.7650321
3504,0.78553903
3505,0.7188277
3506,0.73878664
3507,0.7604699
3508,0.75458574
3509,0.5149208
3510,0.7355914
3511,0.67376316
3512,0.69219375
3513,0.65134364
3514,0.77485603
3515,0.56994796
3516,0.78911644
3517,0.69583654
3518,0.71449846
3519,0.7638794
3520,0.6243706
3521,0.64095896
3522,0.76822853
3523,0.8086549
3524,0.77660143
3525,0.72859037
3526,0.7887089
3527,0.74598765
3528,0.58195263
3529,0.7699776
3530,0.7535906
3531,0.7717394
3532,0.58543384
3533,0.8235432
3534,0.75853825
3535,0.6545731
3536,0.78609186
3537,0.8072973
3538,0.7992694
3539,0.60574675
3540,0.67423344
3541,0.8176533
3542,0.7284822
3543,0.8399465
3544,0.62789917
3545,0.77280444
3546,0.6584642
3547,0.7487443
3548,0.7063724
3549,0.6407368
3550,0.7982278
3551,0.58609915
3552,0.8229567
3553,0.76716757
3554,0.72812074
3555,0.6964706
3556,0.6440542
3557,0.6397688
3558,0.75474375
3559,0.7905163
3560,0.650617
3561,0.7502016
3562,0.60340357
3563,0.76285505
3564,0.772431
3565,0.60116446
3566,0.74450314
3567,0.87369037
3568,0.70050883
3569,0.68988204
3570,0.78084195
3571,0.8094011
3572,0.7119125
3573,0.7884217
3574,0.7773262
3575,0.66032565
3576,0.8287802
3577,0.8462794
3578,0.69692385
3579,0.7105228
3580,0.63330054
3581,0.7662127
3582,0.53703177
3583,0.8590021
3584,0.63448745
3585,0.6391294
3586,0.7610893
3587,0.9022816
3588,0.7026386
3589,0.8155001
3590,0.78040105
3591,0.6441046
3592,0.76656616
3593,0.69998026
3594,0.88643515
3595,0.6580814
3596,0.7129606
3597,0.74770606
3598,0.67554283
3599,0.52845466
3600,0.7885364
3601,0.8809973
3602,0.82606626
3603,0.68315065
3604,0.7130531
3605,0.618502
3606,0.58727056
3607,0.8045975
3608,0.6320804
3609,0.74493086
3610,0.66500574
3611,0.7393909
3612,0.8374359
3613,0.748773
3614,0.7635546
3615,0.59106445
3616,0.7163902
3617,0.48206586
3618,0.57118773
3619,0.89949274
3620,0.7693325
3621,0.70721745
3622,0.8659992
3623,0.73185635
3624,0.7801453
3625,0.66620576
3626,0.6204549
3627,0.58926
3628,0.7699822
3629,0.5739019
3630,0.64615405
3631,0.7247875
3632,0.6477829
3633,0.56740546
3634,0.66856754
3635,0.62337714
3636,0.84300125
3637,0.67864436
3638,0.6328761
3639,0.77251124
3640,0.8969521
3641,0.6454022
3642,0.7507305
3643,0.8346385
3644,0.756655
3645,0.7826496
3646,0.7162353
3647,0.7078062
3648,0.75313634
3649,0.72952634
3650,0.67752886
3651,0.58376384
3652,0.84536874
3653,0.6284771
3654,0.8098083
3655,0.66796255
3656,0.7132667
3657,0.74581903
3658,0.67372787
3659,0.77880466
3660,0.7165517
3661,0.755973
3662,0.6769862
3663,0.74369425
3664,0.6813767
3665,0.63246316
3666,0.75411785
3667,0.65825677
3668,0.74937177
3669,0.5193596
3670,0.8685638
3671,0.71636593
3672,0.8354865
3673,0.7397096
3674,0.8103015
3675,0.7826218
3676,0.8052464
3677,0.7251354
3678,0.7286666
3679,0.68790275
3680,0.8158771
3681,0.74087965
3682,0.71551406
3683,0.7026693
3684,0.553617
3685,0.5889376
3686,0.6670592
3687,0.50195396
3688,0.64151335
3689,0.73404336
3690,0.648936
3691,0.5609433
3692,0.8119631
3693,0.63142663
3694,0.79685825
3695,0.75580895
3696,0.7228328
3697,0.74025726
3698,0.6109917
3699,0.62996316
3700,0.76913655
3701,0.837444
3702,0.615331
3703,0.726308
3704,0.7530049
3705,0.6885582
3706,0.8163805
3707,0.71062005
3708,0.6531707
3709,0.6810413
3710,0.83763
3711,0.7031763
3712,0.7233881
3713,0.6411506
3714,0.71431065
3715,0.7827783
3716,0.74140745
3717,0.76968265
3718,0.79104674
3719,0.64483035
3720,0.73372424
3721,0.77301383
3722,0.66346496
3723,0.609736
3724,0.8433698
3725,0.798559
3726,0.8037307
3727,0.80601674
3728,0.70490766
3729,0.6145255
3730,0.6526646
3731,0.77506113
3732,0.82303274
3733,0.77434003
3734,0.666489
3735,0.72850347
3736,0.73974776
3737,0.8210367
3738,0.9084934
3739,0.7769762
3740,0.6598723
3741,0.6937932
3742,0.4671616
3743,0.8074002
3744,0.6749271
3745,0.6178725
3746,0.726804
3747,0.8250947
3748,0.8420851
3749,0.7222412
3750,0.719522
3751,0.6183576
3752,0.7947271
3753,0.92286754
3754,0.7854978
3755,0.71988195
3756,0.7604674
3757,0.6482328
3758,0.6933014
3759,0.7896482
3760,0.55271673
3761,0.5452633
3762,0.7305725
3763,0.8554753
3764,0.6660296
3765,0.8560734
3766,0.60439503
3767,0.7879317
3768,0.75447947
3769,0.88859844
3770,0.60086644
3771,0.7136012
3772,0.70281816
3773,0.71083283
3774,0.71640027
3775,0.7610873
3776,0.7564502
3777,0.70666134
3778,0.7115599
3779,0.55527925
3780,0.59792364
3781,0.7817628
3782,0.7091153
3783,0.7281759
3784,0.7998426
3785,0.6910093
3786,0.6598866
3787,0.68092906
3788,0.82153904
3789,0.7303258
3790,0.641703
3791,0.7010207
3792,0.7999073
3793,0.89532304
3794,0.7832554
3795,0.71475947
3796,0.72391033
3797,0.6868882
3798,0.8892416
3799,0.78313625
3800,0.73498076
3801,0.6593262
3802,0.73171085
3803,0.59114945
3804,0.7843082
3805,0.5900458
3806,0.7483962
3807,0.7189878
3808,0.7737912
3809,0.72989774
3810,0.65854925
3811,0.7550237
3812,0.75333613
3813,0.894832
3814,0.7230113
3815,0.86274135
3816,0.764619
3817,0.80412066
3818,0.7531807
3819,0.7167127
3820,0.84295356
3821,0.84255755
3822,0.8258556
3823,0.6833152
3824,0.729301
3825,0.7344205
3826,0.5290532
3827,0.9216902
3828,0.69975066
3829,0.60725987
3830,0.8188593
3831,0.73580027
3832,0.7243955
3833,0.8126923
3834,0.73374665
3835,0.7959628
3836,0.82347906
3837,0.6815997
3838,0.7341685
3839,0.77853954
3840,0.7391684
3841,0.78459966
3842,0.66224647
3843,0.7307363
3844,0.6711165
3845,0.55520856
3846,0.7932534
3847,0.80987036
3848,0.80483377
3849,0.6202159
3850,0.732216
3851,0.8108429
3852,0.76403326
3853,0.7672828
3854,0.66593194
3855,0.80213284
3856,0.7595314
3857,0.7279519
3858,0.8824011
3859,0.82660127
3860,0.8177496
3861,0.76314425
3862,0.7021086
3863,0.6741117
3864,0.80244327
3865,0.6614321
3866,0.7805129
3867,0.6533606
3868,0.75474715
3869,0.68527883
3870,0.73422563
3871,0.7523912
3872,0.6973289
3873,0.70899326
3874,0.8415388
3875,0.7512749
3876,0.61070555
3877,0.7149496
3878,0.8392801
3879,0.8000274
3880,0.72880673
3881,0.6969011
3882,0.8153061
3883,0.84175277
3884,0.7402741
3885,0.70604837
3886,0.7226278
3887,0.734504
3888,0.7293154
3889,0.6890929
3890,0.59834325
3891,0.8745104
3892,0.7109443
3893,0.60698867
3894,0.7649481
3895,0.75499415
3896,0.7441244
3897,0.7864537
3898,0.63242763
3899,0.57090616
3900,0.74219185
3901,0.82740283
3902,0.758823
3903,0.83849883
3904,0.69687694
3905,0.82078475
3906,0.7101043
3907,0.75219285
3908,0.76498485
3909,0.7005677
3910,0.7560679
3911,0.8323879
3912,0.75860584
3913,0.55994767
3914,0.8091947
3915,0.717474
3916,0.5758736
3917,0.6764955
3918,0.6712054
3919,0.72798073
3920,0.6543728
3921,0.8282106
3922,0.78725886
3923,0.6954202
3924,0.79658985
3925,0.67059743
3926,0.7244266
3927,0.8301059
3928,0.6238587
3929,0.77479494
3930,0.7742026
3931,0.79380095
3932,0.6424364
3933,0.7019402
3934,0.778157
3935,0.764377
3936,0.7849195
3937,0.89696014
3938,0.84516585
3939,0.8374387
3940,0.78103
3941,0.7015507
3942,0.73956454
3943,0.66997993
3944,0.672734
3945,0.7616115
3946,0.6999104
3947,0.83635795
3948,0.7853293
3949,0.7102534
3950,0.7130223
3951,0.7338403
3952,0.5975768
3953,0.7808932
3954,0.6425328
3955,0.6751827
3956,0.76666987
3957,0.7940395
3958,0.79471326
3959,0.58165205
3960,0.72914577
3961,0.74286145
3962,0.71581304
3963,0.79186064
3964,0.8256079
3965,0.6389013
3966,0.6766552
3967,0.88486546
3968,0.72608304
3969,0.7314528
3970,0.617219
3971,0.6437113
3972,0.7169459
3973,0.7173743
3974,0.7848017
3975,0.728317
3976,0.725713
3977,0.70364016
3978,0.825145
3979,0.8622337
3980,0.64567417
3981,0.6702344
3982,0.76079434
3983,0.7794601
3984,0.629146
3985,0.845804
3986,0.8531462
3987,0.54773325
3988,0.68702394
3989,0.72765267
3990,0.80880815
3991,0.74502313
3992,0.55897695
3993,0.8252994
3994,0.5170045
3995,0.837479
3996,0.7501854
3997,0.62377346
3998,0.8028443
3999,0.7619941
4000,0.7959524
4001,0.5758129
4002,0.6958029
4003,0.7665715
4004,0.6544163
4005,0.70681936
4006,0.685549
4007,0.60933435
4008,0.591401
4009,0.68999016
4010,0.6740272
4011,0.6676513
4012,0.7164451
4013,0.7262318
4014,0.6600988
4015,0.75338185
4016,0.6749027
4017,0.7585412
4018,0.5934719
4019,0.5936662
4020,0.74918544
4021,0.75556433
4022,0.6624347
